slug,tipo,titulo,fecha,descripcion,transcripcion,personas,lugares,acontecimientos,aportante,fuente_url,archivo,licencia,estado
demo-001,recorte,Frente de la casa (1),1936,DATOS DE DEMOSTRACION,,oscar-hermann;dora-schmidt,salto-encantado,,Vecino de demostracion,,,demo,publicado
demo-002,foto,Baile del club (2),dec. 1910,DATOS DE DEMOSTRACION,,oscar-hermann,salto-encantado,,Vecino de demostracion,,,demo,publicado
demo-003,recorte,Frente de la casa (3),1950 aprox,DATOS DE DEMOSTRACION,,ernesto-muller;olga-silveira,capilla-vieja,primera-escuela,Vecino de demostracion,,,demo,publicado
demo-004,foto,Procesion (4),dec. 1910,DATOS DE DEMOSTRACION,,roberto-nicklas;hilda-lizoski;hilda-pereira,ruta-14-km-1209,,Vecino de demostracion,,,demo,publicado
demo-005,relato,Cosecha de yerba (5),1968 aprox,DATOS DE DEMOSTRACION,Texto de demostracion del relato aportado por el vecino.,antonio-prytuluk,barrio-teforito,,Vecino de demostracion,,,demo,publicado
demo-006,foto,Frente del comercio (6),1920,DATOS DE DEMOSTRACION,,anibal-kowalczuk,barrio-teforito,,Vecino de demostracion,,,demo,publicado
demo-007,relato,Frente del comercio (7),1968,DATOS DE DEMOSTRACION,Texto de demostracion del relato aportado por el vecino.,gerardo-ojeda;ramona-schmidt;marta-ferreyra,secadero-grande,,Vecino de demostracion,,,demo,publicado
demo-008,foto,Grupo familiar (8),1942,DATOS DE DEMOSTRACION,,mirta-kowalczuk,escuela-406,,Vecino de demostracion,,,demo,publicado
demo-009,foto,Casamiento (9),pendiente,DATOS DE DEMOSTRACION,,ramon-silveira;marta-ferreyra;anibal-kowalczuk,secadero-grande,inauguracion-hospital,Vecino de demostracion,,,demo,publicado
demo-010,foto,Grupo familiar (10),1925 aprox,DATOS DE DEMOSTRACION,,jose-lang,ruta-14-km-1209,,Vecino de demostracion,,,demo,publicado
demo-011,foto,Frente del comercio (11),1939,DATOS DE DEMOSTRACION,,gerardo-pereira,plaza-libertad,,Vecino de demostracion,,,demo,publicado
demo-012,relato,Baile del club (12),1927,DATOS DE DEMOSTRACION,Texto de demostracion del relato aportado por el vecino.,oscar-hermann,barrio-teforito,,Vecino de demostracion,,,demo,publicado
demo-013,foto,Frente de la casa (13),dec. 1960,DATOS DE DEMOSTRACION,,roberto-nicklas;hilda-lizoski;rosa-nicklas;blanca-nicklas,capilla-vieja,,Vecino de demostracion,,,demo,publicado
demo-014,recorte,Frente del comercio (14),1916,DATOS DE DEMOSTRACION,,walter-lizoski;marta-ojeda,salto-encantado,,Vecino de demostracion,,,demo,publicado
demo-015,foto,Frente de la casa (15),1917,DATOS DE DEMOSTRACION,,roberto-semeniuk;olga-muller,capilla-vieja,primera-escuela,Vecino de demostracion,,,demo,publicado
demo-016,relato,Grupo familiar (16),1917,DATOS DE DEMOSTRACION,Texto de demostracion del relato aportado por el vecino.,anibal-weber;dora-benitez;jose-lang,barrio-teforito,,Vecino de demostracion,,,demo,publicado
demo-017,foto,Frente del comercio (17),1992,DATOS DE DEMOSTRACION,,antonio-ramirez;susana-kaiser,escuela-406,,Vecino de demostracion,,,demo,publicado
demo-018,foto,Frente del comercio (18),1958,DATOS DE DEMOSTRACION,,rodolfo-muller;rosa-hermann,ruta-14-km-1209,,Vecino de demostracion,,,demo,publicado
demo-019,foto,Retrato (19),1933,DATOS DE DEMOSTRACION,,jose-lang,salto-encantado,,Vecino de demostracion,,,demo,publicado
demo-020,foto,Retrato (20),dec. 1970,DATOS DE DEMOSTRACION,,luis-kaiser;olga-muller-2,loteo-lizoski,fundacion,Vecino de demostracion,,,demo,publicado
demo-021,foto,Frente de la casa (21),1958 aprox,DATOS DE DEMOSTRACION,,rodolfo-nicklas,plaza-libertad,,Vecino de demostracion,,,demo,publicado
demo-022,foto,Retrato (22),1934,DATOS DE DEMOSTRACION,,luis-muller,loteo-lizoski,fiesta-inmigrante,Vecino de demostracion,,,demo,publicado
demo-023,foto,Acto escolar (23),dec. 1950,DATOS DE DEMOSTRACION,,walter-silveira;rosa-jhansson,paraje-cerro-moreno,,Vecino de demostracion,,,demo,publicado
demo-024,foto,Acto escolar (24),1986,DATOS DE DEMOSTRACION,,gerardo-ojeda,capilla-vieja,,Vecino de demostracion,,,demo,publicado
demo-025,relato,Frente de la casa (25),dec. 1930,DATOS DE DEMOSTRACION,Texto de demostracion del relato aportado por el vecino.,ramon-silveira;marta-ferreyra,ruta-14-km-1209,,Vecino de demostracion,,,demo,publicado
demo-026,relato,Acto escolar (26),1978,DATOS DE DEMOSTRACION,Texto de demostracion del relato aportado por el vecino.,hilda-lizoski;rosa-nicklas;blanca-nicklas;luis-semeniuk,ruta-14-km-1209,,Vecino de demostracion,,,demo,publicado
demo-027,relato,Grupo familiar (27),1934 aprox,DATOS DE DEMOSTRACION,Texto de demostracion del relato aportado por el vecino.,luis-muller;elsa-duarte;rodolfo-lang,secadero-grande,,Vecino de demostracion,,,demo,publicado
demo-028,foto,Baile del club (28),1916 aprox,DATOS DE DEMOSTRACION,,jose-lang;berta-duarte,salto-encantado,primera-escuela,Vecino de demostracion,,,demo,publicado
demo-029,recorte,Cosecha de yerba (29),1949,DATOS DE DEMOSTRACION,,berta-hermann,escuela-406,llegada-luz,Vecino de demostracion,,,demo,publicado
demo-030,recorte,Cuadrilla de trabajo (30),1957,DATOS DE DEMOSTRACION,,tito-kaiser;blanca-jhansson,arroyo-cunapiru,,Vecino de demostracion,,,demo,publicado
demo-031,foto,Grupo familiar (31),1971,DATOS DE DEMOSTRACION,,gerardo-pereira,secadero-grande,pavimentacion,Vecino de demostracion,,,demo,publicado
demo-032,recorte,Procesion (32),1968,DATOS DE DEMOSTRACION,,marta-ferreyra;blanca-silveira;olga-silveira,escuela-406,inauguracion-hospital,Vecino de demostracion,,,demo,publicado
demo-033,foto,Procesion (33),1979,DATOS DE DEMOSTRACION,,tito-kaiser,capilla-vieja,,Vecino de demostracion,,,demo,publicado
demo-034,relato,Retrato (34),1942,DATOS DE DEMOSTRACION,Texto de demostracion del relato aportado por el vecino.,elsa-paz,secadero-grande,,Vecino de demostracion,,,demo,publicado
demo-035,foto,Acto escolar (35),1930,DATOS DE DEMOSTRACION,,oscar-roth;norma-kowalczuk,capilla-vieja,,Vecino de demostracion,,,demo,publicado
demo-036,foto,Grupo familiar (36),1940,DATOS DE DEMOSTRACION,,roberto-semeniuk,ruta-14-km-1209,,Vecino de demostracion,,,demo,publicado
demo-037,relato,Casamiento (37),1983,DATOS DE DEMOSTRACION,Texto de demostracion del relato aportado por el vecino.,tito-roth-2;ida-hermann,salto-encantado,,Vecino de demostracion,,,demo,publicado
demo-038,recorte,Cosecha de yerba (38),1925,DATOS DE DEMOSTRACION,,jose-lang;eva-kowalczuk,secadero-grande,,Vecino de demostracion,,,demo,publicado
demo-039,relato,Casamiento (39),1962 aprox,DATOS DE DEMOSTRACION,Texto de demostracion del relato aportado por el vecino.,miguel-kaiser,salto-encantado,,Vecino de demostracion,,,demo,publicado
demo-040,foto,Casamiento (40),1984,DATOS DE DEMOSTRACION,,jose-weber;tito-kaiser,arroyo-cunapiru,,Vecino de demostracion,,,demo,publicado
demo-041,recorte,Cosecha de yerba (41),1941 aprox,DATOS DE DEMOSTRACION,,walter-lizoski;marta-ojeda,plaza-libertad,,Vecino de demostracion,,,demo,publicado
demo-042,recorte,Acto escolar (42),dec. 1970,DATOS DE DEMOSTRACION,,oscar-ramirez,escuela-406,,Vecino de demostracion,,,demo,publicado
demo-043,relato,Cuadrilla de trabajo (43),1964,DATOS DE DEMOSTRACION,Texto de demostracion del relato aportado por el vecino.,ida-hermann;rodolfo-roth,ruta-14-km-1209,,Vecino de demostracion,,,demo,publicado
demo-044,foto,Procesion (44),1993,DATOS DE DEMOSTRACION,,alberto-silveira,salto-encantado,,Vecino de demostracion,,,demo,publicado
demo-045,foto,Frente de la casa (45),1952,DATOS DE DEMOSTRACION,,jose-lang;hilda-pereira;julio-lang;tito-duarte,capilla-vieja,,Vecino de demostracion,,,demo,publicado
demo-046,foto,Procesion (46),dec. 1930,DATOS DE DEMOSTRACION,,jose-lang;eva-kowalczuk,paraje-cerro-moreno,,Vecino de demostracion,,,demo,publicado
demo-047,foto,Frente de la casa (47),1959 aprox,DATOS DE DEMOSTRACION,,anibal-kowalczuk;celina-prytuluk,plaza-libertad,,Vecino de demostracion,,,demo,publicado
demo-048,foto,Frente del comercio (48),1975,DATOS DE DEMOSTRACION,,gerardo-weber,paraje-cerro-moreno,,Vecino de demostracion,,,demo,publicado
demo-049,foto,Cosecha de yerba (49),1994 aprox,DATOS DE DEMOSTRACION,,julio-roth,ruta-14-km-1209,,Vecino de demostracion,,,demo,publicado
demo-050,recorte,Frente del comercio (50),pendiente,DATOS DE DEMOSTRACION,,oscar-roth;norma-kowalczuk;dora-benitez,salto-encantado,,Vecino de demostracion,,,demo,publicado
demo-051,relato,Cuadrilla de trabajo (51),dec. 1920,DATOS DE DEMOSTRACION,Texto de demostracion del relato aportado por el vecino.,anibal-weber;dora-benitez;eva-kowalczuk,ruta-14-km-1209,,Vecino de demostracion,,,demo,publicado
demo-052,foto,Cuadrilla de trabajo (52),1921 aprox,DATOS DE DEMOSTRACION,,jose-lang;eva-kowalczuk,salto-encantado,,Vecino de demostracion,,,demo,publicado
demo-053,recorte,Procesion (53),1938,DATOS DE DEMOSTRACION,,gerardo-pereira;blanca-silveira;anibal-weber,plaza-libertad,,Vecino de demostracion,,,demo,publicado
demo-054,foto,Cuadrilla de trabajo (54),1963,DATOS DE DEMOSTRACION,,gerardo-ojeda,salto-encantado,,Vecino de demostracion,,,demo,publicado
demo-055,foto,Frente de la casa (55),1986 aprox,DATOS DE DEMOSTRACION,,roberto-paz,arroyo-cunapiru,,Vecino de demostracion,,,demo,publicado
demo-056,foto,Grupo familiar (56),1958,DATOS DE DEMOSTRACION,,gerardo-weber;rosa-lang,secadero-grande,,Vecino de demostracion,,,demo,publicado
demo-057,foto,Casamiento (57),1939,DATOS DE DEMOSTRACION,,oscar-hermann;blanca-silveira,salto-encantado,,Vecino de demostracion,,,demo,publicado
demo-058,relato,Casamiento (58),dec. 1990,DATOS DE DEMOSTRACION,Texto de demostracion del relato aportado por el vecino.,julio-lang,barrio-teforito,,Vecino de demostracion,,,demo,publicado
demo-059,relato,Baile del club (59),1948,DATOS DE DEMOSTRACION,Texto de demostracion del relato aportado por el vecino.,roberto-nicklas;hilda-lizoski,barrio-teforito,primera-escuela,Vecino de demostracion,,,demo,publicado
demo-060,foto,Casamiento (60),1965 aprox,DATOS DE DEMOSTRACION,,rodolfo-roth;elsa-kowalczuk,arroyo-cunapiru,fiesta-inmigrante,Vecino de demostracion,,,demo,publicado
demo-061,recorte,Procesion (61),pendiente,DATOS DE DEMOSTRACION,,julio-lang,secadero-grande,,Vecino de demostracion,,,demo,publicado
demo-062,relato,Grupo familiar (62),1992,DATOS DE DEMOSTRACION,Texto de demostracion del relato aportado por el vecino.,antonio-ramirez;susana-kaiser,loteo-lizoski,,Vecino de demostracion,,,demo,publicado
demo-063,foto,Frente del comercio (63),1995 aprox,DATOS DE DEMOSTRACION,,juan-nicklas;ida-kaiser-2;raul-weber,escuela-406,,Vecino de demostracion,,,demo,publicado
demo-064,recorte,Baile del club (64),pendiente,DATOS DE DEMOSTRACION,,roberto-nicklas,capilla-vieja,,Vecino de demostracion,,,demo,publicado
demo-065,foto,Cosecha de yerba (65),1990 aprox,DATOS DE DEMOSTRACION,,anibal-weber;raul-weber;walter-weber,arroyo-cunapiru,,Vecino de demostracion,,,demo,publicado
demo-066,foto,Baile del club (66),1969,DATOS DE DEMOSTRACION,,tito-roth-2,plaza-libertad,,Vecino de demostracion,,,demo,publicado
demo-067,relato,Frente de la casa (67),1971,DATOS DE DEMOSTRACION,Texto de demostracion del relato aportado por el vecino.,julio-kowalczuk,plaza-libertad,,Vecino de demostracion,,,demo,publicado
demo-068,foto,Grupo familiar (68),1971 aprox,DATOS DE DEMOSTRACION,,walter-lizoski,plaza-libertad,,Vecino de demostracion,,,demo,publicado
demo-069,foto,Retrato (69),1922 aprox,DATOS DE DEMOSTRACION,,ramon-prytuluk,ruta-14-km-1209,,Vecino de demostracion,,,demo,publicado
demo-070,foto,Frente de la casa (70),1936,DATOS DE DEMOSTRACION,,oscar-hermann,loteo-lizoski,,Vecino de demostracion,,,demo,publicado
demo-071,recorte,Grupo familiar (71),dec. 1930,DATOS DE DEMOSTRACION,,tito-kaiser,secadero-grande,pavimentacion,Vecino de demostracion,,,demo,publicado
demo-072,foto,Cuadrilla de trabajo (72),1991,DATOS DE DEMOSTRACION,,otto-benitez;blanca-nicklas;julio-roth,capilla-vieja,,Vecino de demostracion,,,demo,publicado
demo-073,recorte,Cuadrilla de trabajo (73),1921,DATOS DE DEMOSTRACION,,anibal-weber;dora-benitez;anibal-kowalczuk,secadero-grande,,Vecino de demostracion,,,demo,publicado
demo-074,relato,Casamiento (74),1944 aprox,DATOS DE DEMOSTRACION,Texto de demostracion del relato aportado por el vecino.,luis-muller,paraje-cerro-moreno,,Vecino de demostracion,,,demo,publicado
demo-075,foto,Baile del club (75),dec. 1960,DATOS DE DEMOSTRACION,,julio-semeniuk,loteo-lizoski,,Vecino de demostracion,,,demo,publicado
demo-076,recorte,Casamiento (76),1960 aprox,DATOS DE DEMOSTRACION,,antonio-prytuluk,secadero-grande,,Vecino de demostracion,,,demo,publicado
demo-077,foto,Retrato (77),1971,DATOS DE DEMOSTRACION,,otto-benitez,escuela-406,,Vecino de demostracion,,,demo,publicado
demo-078,foto,Cuadrilla de trabajo (78),1979,DATOS DE DEMOSTRACION,,rodolfo-nicklas;hilda-kaiser;elsa-kowalczuk,salto-encantado,,Vecino de demostracion,,,demo,publicado
demo-079,foto,Retrato (79),1965,DATOS DE DEMOSTRACION,,julio-roth;norma-kowalczuk-2;ida-hermann,loteo-lizoski,,Vecino de demostracion,,,demo,publicado
demo-080,relato,Procesion (80),1944 aprox,DATOS DE DEMOSTRACION,Texto de demostracion del relato aportado por el vecino.,gerardo-pereira;ernesto-muller,ruta-14-km-1209,fiesta-inmigrante,Vecino de demostracion,,,demo,publicado
demo-081,recorte,Frente de la casa (81),1940 aprox,DATOS DE DEMOSTRACION,,oscar-hermann;dora-schmidt;celina-pereira,barrio-teforito,,Vecino de demostracion,,,demo,publicado
demo-082,recorte,Grupo familiar (82),1995,DATOS DE DEMOSTRACION,,julio-roth,ruta-14-km-1209,,Vecino de demostracion,,,demo,publicado
demo-083,relato,Frente del comercio (83),1932,DATOS DE DEMOSTRACION,Texto de demostracion del relato aportado por el vecino.,jose-lang;hilda-pereira,escuela-406,,Vecino de demostracion,,,demo,publicado
demo-084,recorte,Cosecha de yerba (84),1956,DATOS DE DEMOSTRACION,,miguel-kaiser;ana-roth,paraje-cerro-moreno,llegada-luz,Vecino de demostracion,,,demo,publicado
demo-085,foto,Grupo familiar (85),1957,DATOS DE DEMOSTRACION,,miguel-kaiser;ida-hermann;olga-silveira,salto-encantado,,Vecino de demostracion,,,demo,publicado
demo-086,relato,Grupo familiar (86),1943,DATOS DE DEMOSTRACION,Texto de demostracion del relato aportado por el vecino.,oscar-roth;norma-kowalczuk,barrio-teforito,,Vecino de demostracion,,,demo,publicado
demo-087,foto,Cuadrilla de trabajo (87),1964 aprox,DATOS DE DEMOSTRACION,,ida-hermann,loteo-lizoski,,Vecino de demostracion,,,demo,publicado
demo-088,recorte,Acto escolar (88),1938,DATOS DE DEMOSTRACION,,gerardo-pereira,capilla-vieja,,Vecino de demostracion,,,demo,publicado
demo-089,foto,Procesion (89),pendiente,DATOS DE DEMOSTRACION,,walter-lizoski;marta-ojeda,loteo-lizoski,gran-creciente,Vecino de demostracion,,,demo,publicado
demo-090,recorte,Procesion (90),1945 aprox,DATOS DE DEMOSTRACION,,julio-lang;hilda-kaiser,salto-encantado,,Vecino de demostracion,,,demo,publicado
demo-091,relato,Frente de la casa (91),1991,DATOS DE DEMOSTRACION,Texto de demostracion del relato aportado por el vecino.,tito-kaiser;susana-kaiser;ida-kaiser;gerardo-kaiser,barrio-teforito,,Vecino de demostracion,,,demo,publicado
demo-092,recorte,Acto escolar (92),1993,DATOS DE DEMOSTRACION,,anibal-jhansson,arroyo-cunapiru,,Vecino de demostracion,,,demo,publicado
demo-093,foto,Baile del club (93),1977,DATOS DE DEMOSTRACION,,julio-roth;norma-kowalczuk-2;ernesto-melnyk,arroyo-cunapiru,fundacion,Vecino de demostracion,,,demo,publicado
demo-094,foto,Retrato (94),1991,DATOS DE DEMOSTRACION,,julio-lang,barrio-teforito,,Vecino de demostracion,,,demo,publicado
demo-095,recorte,Baile del club (95),1927,DATOS DE DEMOSTRACION,,luis-muller;elsa-duarte,ruta-14-km-1209,,Vecino de demostracion,,,demo,publicado
demo-096,relato,Cuadrilla de trabajo (96),1919 aprox,DATOS DE DEMOSTRACION,Texto de demostracion del relato aportado por el vecino.,oscar-roth;norma-kowalczuk;dora-benitez,escuela-406,,Vecino de demostracion,,,demo,publicado
demo-097,foto,Procesion (97),pendiente,DATOS DE DEMOSTRACION,,anibal-weber;dora-benitez,loteo-lizoski,,Vecino de demostracion,,,demo,publicado
demo-098,recorte,Cuadrilla de trabajo (98),1963 aprox,DATOS DE DEMOSTRACION,,anibal-jhansson,barrio-teforito,fiesta-inmigrante,Vecino de demostracion,,,demo,publicado
demo-099,foto,Casamiento (99),1954,DATOS DE DEMOSTRACION,,ida-hermann-2,loteo-lizoski,,Vecino de demostracion,,,demo,publicado
demo-100,foto,Frente del comercio (100),1982,DATOS DE DEMOSTRACION,,walter-weber;norma-kaiser;ida-kaiser,secadero-grande,,Vecino de demostracion,,,demo,publicado
demo-101,foto,Procesion (101),1952 aprox,DATOS DE DEMOSTRACION,,marta-ferreyra,ruta-14-km-1209,,Vecino de demostracion,,,demo,publicado
demo-102,foto,Cuadrilla de trabajo (102),1994 aprox,DATOS DE DEMOSTRACION,,antonio-silveira,loteo-lizoski,,Vecino de demostracion,,,demo,publicado
demo-103,foto,Baile del club (103),1933,DATOS DE DEMOSTRACION,,roberto-semeniuk;olga-muller;dora-benitez,capilla-vieja,,Vecino de demostracion,,,demo,publicado
demo-104,recorte,Frente del comercio (104),pendiente,DATOS DE DEMOSTRACION,,julio-semeniuk,escuela-406,,Vecino de demostracion,,,demo,publicado
demo-105,foto,Procesion (105),1973 aprox,DATOS DE DEMOSTRACION,,pedro-benitez;irma-hermann,ruta-14-km-1209,,Vecino de demostracion,,,demo,publicado
demo-106,relato,Cosecha de yerba (106),1978,DATOS DE DEMOSTRACION,Texto de demostracion del relato aportado por el vecino.,tito-duarte,plaza-libertad,,Vecino de demostracion,,,demo,publicado
demo-107,recorte,Frente de la casa (107),1948,DATOS DE DEMOSTRACION,,rodolfo-muller,escuela-406,fundacion,Vecino de demostracion,,,demo,publicado
demo-108,foto,Retrato (108),1970,DATOS DE DEMOSTRACION,,miguel-kaiser;ida-hermann,barrio-teforito,pavimentacion,Vecino de demostracion,,,demo,publicado
demo-109,foto,Frente de la casa (109),1987,DATOS DE DEMOSTRACION,,otto-benitez,plaza-libertad,,Vecino de demostracion,,,demo,publicado
demo-110,relato,Cosecha de yerba (110),1921,DATOS DE DEMOSTRACION,Texto de demostracion del relato aportado por el vecino.,roberto-nicklas,loteo-lizoski,,Vecino de demostracion,,,demo,publicado
demo-111,foto,Procesion (111),1951,DATOS DE DEMOSTRACION,,miguel-kaiser,paraje-cerro-moreno,,Vecino de demostracion,,,demo,publicado
demo-112,foto,Frente del comercio (112),1940,DATOS DE DEMOSTRACION,,jose-lang;eva-kowalczuk;roberto-semeniuk,plaza-libertad,,Vecino de demostracion,,,demo,publicado
demo-113,foto,Frente del comercio (113),1995,DATOS DE DEMOSTRACION,,walter-weber,paraje-cerro-moreno,,Vecino de demostracion,,,demo,publicado
demo-114,foto,Frente de la casa (114),1940,DATOS DE DEMOSTRACION,,roberto-nicklas,barrio-teforito,,Vecino de demostracion,,,demo,publicado
demo-115,foto,Acto escolar (115),1976,DATOS DE DEMOSTRACION,,juan-nicklas,arroyo-cunapiru,,Vecino de demostracion,,,demo,publicado
demo-116,foto,Cosecha de yerba (116),dec. 1990,DATOS DE DEMOSTRACION,,rosa-nicklas;eva-roth,secadero-grande,fiesta-inmigrante,Vecino de demostracion,,,demo,publicado
demo-117,recorte,Grupo familiar (117),1942,DATOS DE DEMOSTRACION,,walter-lizoski,ruta-14-km-1209,,Vecino de demostracion,,,demo,publicado
demo-118,relato,Retrato (118),1990,DATOS DE DEMOSTRACION,Texto de demostracion del relato aportado por el vecino.,gerardo-kaiser;lucia-muller,ruta-14-km-1209,,Vecino de demostracion,,,demo,publicado
demo-119,foto,Frente del comercio (119),1951,DATOS DE DEMOSTRACION,,tito-kaiser;gerardo-pereira,loteo-lizoski,gran-creciente,Vecino de demostracion,,,demo,publicado
demo-120,foto,Acto escolar (120),1986 aprox,DATOS DE DEMOSTRACION,,blanca-silveira;olga-silveira;walter-silveira;antonio-silveira,capilla-vieja,,Vecino de demostracion,,,demo,publicado
demo-121,foto,Acto escolar (121),1952 aprox,DATOS DE DEMOSTRACION,,julio-semeniuk;hilda-paz;ida-hermann-2,secadero-grande,,Vecino de demostracion,,,demo,publicado
demo-122,foto,Procesion (122),1951 aprox,DATOS DE DEMOSTRACION,,tito-duarte,barrio-teforito,fiesta-inmigrante,Vecino de demostracion,,,demo,publicado
demo-123,foto,Frente de la casa (123),dec. 1980,DATOS DE DEMOSTRACION,,roberto-semeniuk,paraje-cerro-moreno,,Vecino de demostracion,,,demo,publicado
demo-124,foto,Procesion (124),1967,DATOS DE DEMOSTRACION,,julio-lang;blanca-lang;mirta-kowalczuk,escuela-406,,Vecino de demostracion,,,demo,publicado
demo-125,foto,Acto escolar (125),1967,DATOS DE DEMOSTRACION,,julio-roth;norma-kowalczuk-2,arroyo-cunapiru,pavimentacion,Vecino de demostracion,,,demo,publicado
demo-126,recorte,Casamiento (126),1964 aprox,DATOS DE DEMOSTRACION,,tito-kaiser;blanca-jhansson;susana-kaiser,capilla-vieja,,Vecino de demostracion,,,demo,publicado
demo-127,foto,Casamiento (127),dec. 1970,DATOS DE DEMOSTRACION,,rodolfo-roth;mirta-kowalczuk,ruta-14-km-1209,,Vecino de demostracion,,,demo,publicado
demo-128,recorte,Procesion (128),1967,DATOS DE DEMOSTRACION,,alberto-hermann;elsa-paz,secadero-grande,,Vecino de demostracion,,,demo,publicado
demo-129,recorte,Cosecha de yerba (129),1979,DATOS DE DEMOSTRACION,,raul-weber;walter-weber,loteo-lizoski,inauguracion-hospital,Vecino de demostracion,,,demo,publicado
demo-130,foto,Frente del comercio (130),1986 aprox,DATOS DE DEMOSTRACION,,jose-weber;marta-lizoski,arroyo-cunapiru,,Vecino de demostracion,,,demo,publicado
demo-131,foto,Cosecha de yerba (131),1963,DATOS DE DEMOSTRACION,,gerardo-pereira;blanca-silveira;ramona-schmidt,plaza-libertad,fiesta-inmigrante,Vecino de demostracion,,,demo,publicado
demo-132,foto,Acto escolar (132),1979,DATOS DE DEMOSTRACION,,antonio-ramirez;julio-roth,escuela-406,llegada-luz,Vecino de demostracion,,,demo,publicado
demo-133,foto,Procesion (133),pendiente,DATOS DE DEMOSTRACION,,rosa-hermann,plaza-libertad,,Vecino de demostracion,,,demo,publicado
demo-134,foto,Retrato (134),1960,DATOS DE DEMOSTRACION,,antonio-silveira;berta-duarte,paraje-cerro-moreno,,Vecino de demostracion,,,demo,publicado
demo-135,foto,Cuadrilla de trabajo (135),1928,DATOS DE DEMOSTRACION,,ramon-prytuluk,plaza-libertad,,Vecino de demostracion,,,demo,publicado
demo-136,relato,Retrato (136),1972,DATOS DE DEMOSTRACION,Texto de demostracion del relato aportado por el vecino.,anibal-weber;dora-benitez;raul-weber;walter-weber,arroyo-cunapiru,,Vecino de demostracion,,,demo,publicado
demo-137,recorte,Procesion (137),1985,DATOS DE DEMOSTRACION,,juan-nicklas,ruta-14-km-1209,primera-escuela,Vecino de demostracion,,,demo,publicado
demo-138,foto,Retrato (138),1972,DATOS DE DEMOSTRACION,,hilda-prytuluk,loteo-lizoski,pavimentacion,Vecino de demostracion,,,demo,publicado
demo-139,foto,Frente del comercio (139),1935,DATOS DE DEMOSTRACION,,tito-kaiser;blanca-jhansson,salto-encantado,,Vecino de demostracion,,,demo,publicado
demo-140,recorte,Baile del club (140),dec. 1910,DATOS DE DEMOSTRACION,,oscar-roth;ramon-silveira,capilla-vieja,,Vecino de demostracion,,,demo,publicado
