slug,nombre,tipo,x,y,lat,lng,vigencia,alias,notas
plaza-libertad,Plaza Libertad,plaza,,,,,,,DATOS DE DEMOSTRACION
escuela-406,Escuela 406,escuela,,,,,,,DATOS DE DEMOSTRACION
capilla-vieja,Capilla Vieja,iglesia,,,,,,,DATOS DE DEMOSTRACION
secadero-grande,Secadero Grande,comercio,,,,,,,DATOS DE DEMOSTRACION
salto-encantado,Salto Encantado,paraje,,,,,,,DATOS DE DEMOSTRACION
paraje-cerro-moreno,Paraje Cerro Moreno,paraje,,,,,,,DATOS DE DEMOSTRACION
barrio-teforito,Barrio Teforito,barrio,,,,,,,DATOS DE DEMOSTRACION
loteo-lizoski,Loteo Lizoski,barrio,,,,,,,DATOS DE DEMOSTRACION
ruta-14-km-1209,"Ruta 14, km viejo 1209",ruta,,,,,,,DATOS DE DEMOSTRACION
arroyo-cunapiru,Arroyo Cuñapirú,curso de agua,,,,,,,DATOS DE DEMOSTRACION
