slug,nombre,apellido,apodo,sexo,nacimiento,defuncion,lugar_origen,vive,notas
ramon-silveira,Ramon,Silveira,,M,,1946,ruta-14-km-1209,no,DATOS DE DEMOSTRACION - persona inventada
marta-ferreyra,Marta,Ferreyra,,F,1886,dec. 1970,arroyo-cunapiru,no,DATOS DE DEMOSTRACION - persona inventada
oscar-hermann,Oscar,Hermann,,M,dec. 1880,1956,capilla-vieja,no,DATOS DE DEMOSTRACION - persona inventada
dora-schmidt,Dora,Schmidt,,F,1888 aprox,1963,ruta-14-km-1209,no,DATOS DE DEMOSTRACION - persona inventada
tito-kaiser,Tito,Kaiser,,M,1908 aprox,1998 aprox,ruta-14-km-1209,no,DATOS DE DEMOSTRACION - persona inventada
blanca-jhansson,Blanca,Jhansson,,F,1906,dec. 1980,barrio-teforito,no,DATOS DE DEMOSTRACION - persona inventada
luis-muller,Luis,Muller,,M,1890,1973,plaza-libertad,no,DATOS DE DEMOSTRACION - persona inventada
elsa-duarte,Elsa,Duarte,,F,1892,1951 aprox,barrio-teforito,no,DATOS DE DEMOSTRACION - persona inventada
jose-lang,Jose,Lang,,M,,1952,barrio-teforito,no,DATOS DE DEMOSTRACION - persona inventada
hilda-pereira,Hilda,Pereira,,F,1891 aprox,1959,plaza-libertad,no,DATOS DE DEMOSTRACION - persona inventada
oscar-roth,Oscar,Roth,,M,1893 aprox,1985,barrio-teforito,no,DATOS DE DEMOSTRACION - persona inventada
norma-kowalczuk,Norma,Kowalczuk,,F,1896,1985,escuela-406,no,DATOS DE DEMOSTRACION - persona inventada
anibal-weber,Anibal,Weber,,M,dec. 1900,1994 aprox,salto-encantado,no,DATOS DE DEMOSTRACION - persona inventada
dora-benitez,Dora,Benitez,,F,1901,,secadero-grande,no,DATOS DE DEMOSTRACION - persona inventada
roberto-nicklas,Roberto,Nicklas,,M,1909,1967,loteo-lizoski,no,DATOS DE DEMOSTRACION - persona inventada
hilda-lizoski,Hilda,Lizoski,,F,dec. 1900,1980,plaza-libertad,no,DATOS DE DEMOSTRACION - persona inventada
ramon-prytuluk,Ramon,Prytuluk,,M,1910,1969,escuela-406,no,DATOS DE DEMOSTRACION - persona inventada
celina-pereira,Celina,Pereira,,F,dec. 1910,1982,barrio-teforito,no,DATOS DE DEMOSTRACION - persona inventada
walter-lizoski,Walter,Lizoski,,M,1904 aprox,1984,plaza-libertad,no,DATOS DE DEMOSTRACION - persona inventada
marta-ojeda,Marta,Ojeda,,F,1901,1977,loteo-lizoski,no,DATOS DE DEMOSTRACION - persona inventada
roberto-semeniuk,Roberto,Semeniuk,,M,1899,,barrio-teforito,no,DATOS DE DEMOSTRACION - persona inventada
olga-muller,Olga,Muller,,F,1898,1956,salto-encantado,no,DATOS DE DEMOSTRACION - persona inventada
anibal-kowalczuk,Anibal,Kowalczuk,,M,1899,1978,escuela-406,no,DATOS DE DEMOSTRACION - persona inventada
celina-prytuluk,Celina,Prytuluk,,F,,1973,plaza-libertad,no,DATOS DE DEMOSTRACION - persona inventada
blanca-silveira,Blanca,Silveira,,F,,2000,paraje-cerro-moreno,no,DATOS DE DEMOSTRACION - persona inventada
olga-silveira,Olga,Silveira,,F,1934,2006,ruta-14-km-1209,no,DATOS DE DEMOSTRACION - persona inventada
walter-silveira,Walter,Silveira,,M,dec. 1940,2026,secadero-grande,no,DATOS DE DEMOSTRACION - persona inventada
antonio-silveira,Antonio,Silveira,,M,,1996,loteo-lizoski,no,DATOS DE DEMOSTRACION - persona inventada
gerardo-pereira,Gerardo,Pereira,,M,1931,1996 aprox,capilla-vieja,no,DATOS DE DEMOSTRACION - persona inventada
rosa-jhansson,Rosa,Jhansson,,F,1946 aprox,2030 aprox,arroyo-cunapiru,no,DATOS DE DEMOSTRACION - persona inventada
mirta-schmidt,Mirta,Schmidt,,F,1930,2022,escuela-406,no,DATOS DE DEMOSTRACION - persona inventada
ida-hermann,Ida,Hermann,,F,1933 aprox,1991,paraje-cerro-moreno,no,DATOS DE DEMOSTRACION - persona inventada
rosa-hermann,Rosa,Hermann,,F,1939,2024,escuela-406,no,DATOS DE DEMOSTRACION - persona inventada
alberto-hermann,Alberto,Hermann,,M,1940,dec. 1990,salto-encantado,no,DATOS DE DEMOSTRACION - persona inventada
berta-hermann,Berta,Hermann,,F,,,barrio-teforito,no,DATOS DE DEMOSTRACION - persona inventada
irma-hermann,Irma,Hermann,,F,1939,2022,salto-encantado,no,DATOS DE DEMOSTRACION - persona inventada
miguel-kaiser,Miguel,Kaiser,,M,dec. 1930,2011,secadero-grande,no,DATOS DE DEMOSTRACION - persona inventada
rodolfo-muller,Rodolfo,Muller,,M,1944,dec. 2020,ruta-14-km-1209,no,DATOS DE DEMOSTRACION - persona inventada
elsa-paz,Elsa,Paz,,F,1938 aprox,2016,escuela-406,no,DATOS DE DEMOSTRACION - persona inventada
pedro-benitez,Pedro,Benitez,,M,1942,2030 aprox,arroyo-cunapiru,no,DATOS DE DEMOSTRACION - persona inventada
susana-kaiser,Susana,Kaiser,,F,1960,,loteo-lizoski,si,DATOS DE DEMOSTRACION - persona inventada
ida-kaiser,Ida,Kaiser,,F,,,salto-encantado,no,DATOS DE DEMOSTRACION - persona inventada
gerardo-kaiser,Gerardo,Kaiser,,M,1957,,loteo-lizoski,si,DATOS DE DEMOSTRACION - persona inventada
ida-kaiser-2,Ida,Kaiser,,F,1959 aprox,,paraje-cerro-moreno,si,DATOS DE DEMOSTRACION - persona inventada
norma-kaiser,Norma,Kaiser,,F,1955 aprox,,barrio-teforito,si,DATOS DE DEMOSTRACION - persona inventada
antonio-ramirez,Antonio,Ramirez,,M,1965,,paraje-cerro-moreno,si,DATOS DE DEMOSTRACION - persona inventada
anibal-jhansson,Anibal,Jhansson,,M,1960 aprox,,plaza-libertad,si,DATOS DE DEMOSTRACION - persona inventada
lucia-muller,Lucia,Muller,,F,1953,2029,barrio-teforito,no,DATOS DE DEMOSTRACION - persona inventada
juan-nicklas,Juan,Nicklas,,M,1959,,paraje-cerro-moreno,si,DATOS DE DEMOSTRACION - persona inventada
mirta-muller,Mirta,Muller,,F,1943,2002,barrio-teforito,no,DATOS DE DEMOSTRACION - persona inventada
berta-muller,Berta,Muller,,F,dec. 1930,2016,escuela-406,no,DATOS DE DEMOSTRACION - persona inventada
lucia-muller-2,Lucia,Muller,,F,1940,2020,capilla-vieja,no,DATOS DE DEMOSTRACION - persona inventada
olga-muller-2,Olga,Muller,,F,1942,2020 aprox,arroyo-cunapiru,no,DATOS DE DEMOSTRACION - persona inventada
ernesto-muller,Ernesto,Muller,,M,,2007 aprox,paraje-cerro-moreno,no,DATOS DE DEMOSTRACION - persona inventada
otto-pereira,Otto,Pereira,,M,1936,2008 aprox,barrio-teforito,no,DATOS DE DEMOSTRACION - persona inventada
raul-lang,Raul,Lang,,M,1941 aprox,dec. 2020,loteo-lizoski,no,DATOS DE DEMOSTRACION - persona inventada
luis-kaiser,Luis,Kaiser,,M,1947,2019,escuela-406,no,DATOS DE DEMOSTRACION - persona inventada
julio-lang,Julio,Lang,,M,1939 aprox,1997,arroyo-cunapiru,no,DATOS DE DEMOSTRACION - persona inventada
blanca-lang,Blanca,Lang,,F,,2031,capilla-vieja,no,DATOS DE DEMOSTRACION - persona inventada
eva-kowalczuk,Eva,Kowalczuk,,F,1900,1960 aprox,plaza-libertad,no,DATOS DE DEMOSTRACION - persona inventada
rodolfo-lang,Rodolfo,Lang,,M,1931,2009,secadero-grande,no,DATOS DE DEMOSTRACION - persona inventada
hilda-kaiser,Hilda,Kaiser,,F,1942,dec. 2020,plaza-libertad,no,DATOS DE DEMOSTRACION - persona inventada
alberto-silveira,Alberto,Silveira,,M,1941,2015,paraje-cerro-moreno,no,DATOS DE DEMOSTRACION - persona inventada
julio-roth,Julio,Roth,,M,1943,2035 aprox,escuela-406,no,DATOS DE DEMOSTRACION - persona inventada
tito-roth,Tito,Roth,,M,1943,dec. 2010,escuela-406,no,DATOS DE DEMOSTRACION - persona inventada
rodolfo-roth,Rodolfo,Roth,,M,1941 aprox,2002 aprox,ruta-14-km-1209,no,DATOS DE DEMOSTRACION - persona inventada
teresa-roth,Teresa,Roth,,F,1946 aprox,2021,barrio-teforito,no,DATOS DE DEMOSTRACION - persona inventada
eva-roth,Eva,Roth,,F,1948 aprox,2038 aprox,secadero-grande,no,DATOS DE DEMOSTRACION - persona inventada
mirta-kowalczuk,Mirta,Kowalczuk,,F,dec. 1930,2010 aprox,ruta-14-km-1209,no,DATOS DE DEMOSTRACION - persona inventada
tito-duarte,Tito,Duarte,,M,1948 aprox,2032,paraje-cerro-moreno,no,DATOS DE DEMOSTRACION - persona inventada
roberto-paz,Roberto,Paz,,M,dec. 1950,2035,paraje-cerro-moreno,no,DATOS DE DEMOSTRACION - persona inventada
raul-weber,Raul,Weber,,M,1947,2025,loteo-lizoski,no,DATOS DE DEMOSTRACION - persona inventada
walter-weber,Walter,Weber,,M,1948,dec. 2010,ruta-14-km-1209,no,DATOS DE DEMOSTRACION - persona inventada
jose-weber,Jose,Weber,,M,1955 aprox,,plaza-libertad,si,DATOS DE DEMOSTRACION - persona inventada
gerardo-weber,Gerardo,Weber,,M,1955 aprox,,arroyo-cunapiru,si,DATOS DE DEMOSTRACION - persona inventada
rosa-lang,Rosa,Lang,,F,1953,2031,loteo-lizoski,no,DATOS DE DEMOSTRACION - persona inventada
rosa-nicklas,Rosa,Nicklas,,F,1954,2030,loteo-lizoski,no,DATOS DE DEMOSTRACION - persona inventada
blanca-nicklas,Blanca,Nicklas,,F,1959,,paraje-cerro-moreno,si,DATOS DE DEMOSTRACION - persona inventada
julio-kowalczuk,Julio,Kowalczuk,,M,1957,2040,paraje-cerro-moreno,no,DATOS DE DEMOSTRACION - persona inventada
otto-benitez,Otto,Benitez,,M,1959,,salto-encantado,si,DATOS DE DEMOSTRACION - persona inventada
hilda-prytuluk,Hilda,Prytuluk,,F,1965,,loteo-lizoski,si,DATOS DE DEMOSTRACION - persona inventada
mirta-prytuluk,Mirta,Prytuluk,,F,dec. 1960,,plaza-libertad,si,DATOS DE DEMOSTRACION - persona inventada
antonio-prytuluk,Antonio,Prytuluk,,M,1957,,capilla-vieja,si,DATOS DE DEMOSTRACION - persona inventada
ernesto-melnyk,Ernesto,Melnyk,,M,dec. 1970,,barrio-teforito,si,DATOS DE DEMOSTRACION - persona inventada
oscar-ramirez,Oscar,Ramirez,,M,1966,,loteo-lizoski,si,DATOS DE DEMOSTRACION - persona inventada
susana-silveira,Susana,Silveira,,F,1962 aprox,2028 aprox,ruta-14-km-1209,no,DATOS DE DEMOSTRACION - persona inventada
lucia-lizoski,Lucia,Lizoski,,F,1958,,salto-encantado,si,DATOS DE DEMOSTRACION - persona inventada
marta-lizoski,Marta,Lizoski,,F,1959 aprox,2018,capilla-vieja,no,DATOS DE DEMOSTRACION - persona inventada
gerardo-ojeda,Gerardo,Ojeda,,M,1957,,arroyo-cunapiru,si,DATOS DE DEMOSTRACION - persona inventada
julio-semeniuk,Julio,Semeniuk,,M,,2023,arroyo-cunapiru,no,DATOS DE DEMOSTRACION - persona inventada
luis-semeniuk,Luis,Semeniuk,,M,dec. 1950,2017,capilla-vieja,no,DATOS DE DEMOSTRACION - persona inventada
hilda-paz,Hilda,Paz,,F,1945,2034,plaza-libertad,no,DATOS DE DEMOSTRACION - persona inventada
ida-hermann-2,Ida,Hermann,,F,1948,2011,loteo-lizoski,no,DATOS DE DEMOSTRACION - persona inventada
tito-kowalczuk,Tito,Kowalczuk,,M,1953,2019,escuela-406,no,DATOS DE DEMOSTRACION - persona inventada
norma-kowalczuk-2,Norma,Kowalczuk,,F,1946,2013,capilla-vieja,no,DATOS DE DEMOSTRACION - persona inventada
ana-pereira,Ana,Pereira,,F,2008 aprox,,barrio-teforito,si,DATOS DE DEMOSTRACION - persona inventada
mirta-pereira,Mirta,Pereira,,F,2003,,ruta-14-km-1209,si,DATOS DE DEMOSTRACION - persona inventada
blanca-pereira,Blanca,Pereira,,F,2003,,loteo-lizoski,si,DATOS DE DEMOSTRACION - persona inventada
celina-kaiser,Celina,Kaiser,,F,dec. 1930,2006,escuela-406,no,DATOS DE DEMOSTRACION - persona inventada
blanca-pereira-2,Blanca,Pereira,,F,1972,2052,capilla-vieja,no,DATOS DE DEMOSTRACION - persona inventada
olga-pereira,Olga,Pereira,,F,1967 aprox,,loteo-lizoski,si,DATOS DE DEMOSTRACION - persona inventada
blanca-pereira-3,Blanca,Pereira,,F,1967,,paraje-cerro-moreno,si,DATOS DE DEMOSTRACION - persona inventada
eduardo-schmidt,Eduardo,Schmidt,,M,2006,2070,escuela-406,no,DATOS DE DEMOSTRACION - persona inventada
jose-lang-2,Jose,Lang,,M,2007,2078,escuela-406,no,DATOS DE DEMOSTRACION - persona inventada
miguel-silveira,Miguel,Silveira,,M,,2075,paraje-cerro-moreno,no,DATOS DE DEMOSTRACION - persona inventada
oscar-silveira,Oscar,Silveira,,M,2011,,arroyo-cunapiru,si,DATOS DE DEMOSTRACION - persona inventada
roberto-silveira,Roberto,Silveira,,M,dec. 2010,2074 aprox,salto-encantado,no,DATOS DE DEMOSTRACION - persona inventada
julio-kaiser,Julio,Kaiser,,M,2005 aprox,2084 aprox,plaza-libertad,no,DATOS DE DEMOSTRACION - persona inventada
roberto-kaiser,Roberto,Kaiser,,M,dec. 2000,,secadero-grande,si,DATOS DE DEMOSTRACION - persona inventada
hilda-hermann,Hilda,Hermann,,F,2004,,ruta-14-km-1209,si,DATOS DE DEMOSTRACION - persona inventada
tito-roth-2,Tito,Roth,,M,1953,2032,secadero-grande,no,DATOS DE DEMOSTRACION - persona inventada
raul-muller,Raul,Muller,,M,1991,,ruta-14-km-1209,si,DATOS DE DEMOSTRACION - persona inventada
olga-muller-3,Olga,Muller,,F,dec. 1990,,plaza-libertad,si,DATOS DE DEMOSTRACION - persona inventada
eduardo-pereira,Eduardo,Pereira,,M,dec. 2010,,escuela-406,si,DATOS DE DEMOSTRACION - persona inventada
raul-pereira,Raul,Pereira,,M,2006 aprox,,salto-encantado,si,DATOS DE DEMOSTRACION - persona inventada
amalia-pereira,Amalia,Pereira,,F,2012,,barrio-teforito,si,DATOS DE DEMOSTRACION - persona inventada
clementina-ramirez,Clementina,Ramirez,,F,2008 aprox,,ruta-14-km-1209,si,DATOS DE DEMOSTRACION - persona inventada
ernesto-ojeda,Ernesto,Ojeda,,M,2012 aprox,,paraje-cerro-moreno,si,DATOS DE DEMOSTRACION - persona inventada
ana-lang,Ana,Lang,,F,2012,,loteo-lizoski,si,DATOS DE DEMOSTRACION - persona inventada
hilda-lang,Hilda,Lang,,F,2009,,capilla-vieja,si,DATOS DE DEMOSTRACION - persona inventada
rodolfo-nicklas,Rodolfo,Nicklas,,M,1953,2012,escuela-406,no,DATOS DE DEMOSTRACION - persona inventada
tito-kaiser-2,Tito,Kaiser,,M,1984 aprox,2063,capilla-vieja,no,DATOS DE DEMOSTRACION - persona inventada
oscar-kaiser,Oscar,Kaiser,,M,1979,,escuela-406,si,DATOS DE DEMOSTRACION - persona inventada
walter-kaiser,Walter,Kaiser,,M,1981 aprox,,escuela-406,si,DATOS DE DEMOSTRACION - persona inventada
antonio-nicklas,Antonio,Nicklas,,M,2011 aprox,,escuela-406,si,DATOS DE DEMOSTRACION - persona inventada
norma-schmidt,Norma,Schmidt,,F,1958,,secadero-grande,si,DATOS DE DEMOSTRACION - persona inventada
ramona-duarte,Ramona,Duarte,,F,1986,2059,capilla-vieja,no,DATOS DE DEMOSTRACION - persona inventada
ramona-schmidt,Ramona,Schmidt,,F,1959,,ruta-14-km-1209,si,DATOS DE DEMOSTRACION - persona inventada
berta-ojeda,Berta,Ojeda,,F,1999,,barrio-teforito,si,DATOS DE DEMOSTRACION - persona inventada
anibal-ojeda,Anibal,Ojeda,,M,1998,,capilla-vieja,si,DATOS DE DEMOSTRACION - persona inventada
gerardo-ojeda-2,Gerardo,Ojeda,,M,1991,,paraje-cerro-moreno,si,DATOS DE DEMOSTRACION - persona inventada
rosa-ramirez,Rosa,Ramirez,,M,1935,,ruta-14-km-1209,no,DATOS DE DEMOSTRACION - persona inventada
julio-ojeda,Julio,Ojeda,,F,1935,2018,salto-encantado,no,DATOS DE DEMOSTRACION - persona inventada
mirta-ferreyra,Mirta,Ferreyra,,F,1954,2028,barrio-teforito,no,DATOS DE DEMOSTRACION - persona inventada
ana-roth,Ana,Roth,,M,1940 aprox,2008,plaza-libertad,no,DATOS DE DEMOSTRACION - persona inventada
berta-duarte,Berta,Duarte,,M,1913,dec. 1970,ruta-14-km-1209,no,DATOS DE DEMOSTRACION - persona inventada
norma-paz,Norma,Paz,,M,1959,,plaza-libertad,si,DATOS DE DEMOSTRACION - persona inventada
elsa-kowalczuk,Elsa,Kowalczuk,,M,dec. 1930,2018,arroyo-cunapiru,no,DATOS DE DEMOSTRACION - persona inventada
